id,key,value,type
105838423,highway,traffic_signals,regular
207213215,name,ด่านอโศก 1,regular
207213215,barrier,toll_booth,regular
248118868,created_by,JOSM,regular
248118936,created_by,JOSM,regular
248119479,created_by,JOSM,regular
248119529,created_by,JOSM,regular
248119595,created_by,JOSM,regular
248119645,created_by,JOSM,regular
248135362,created_by,JOSM,regular
248135412,created_by,JOSM,regular
248135473,created_by,JOSM,regular
248137642,source,Landsat,regular
248139185,created_by,JOSM,regular
248139235,created_by,JOSM,regular
248139285,created_by,JOSM,regular
248143620,created_by,JOSM,regular
248143670,created_by,JOSM,regular
248143735,created_by,JOSM,regular
248143792,created_by,JOSM,regular
248143872,created_by,JOSM,regular
248143990,created_by,JOSM,regular
248144133,created_by,JOSM,regular
248144684,created_by,JOSM,regular
248145711,created_by,JOSM,regular
248145890,created_by,JOSM,regular
248146049,created_by,JOSM,regular
248213789,created_by,JOSM,regular
248213839,created_by,JOSM,regular
248213890,created_by,JOSM,regular
248213948,created_by,JOSM,regular
248214075,created_by,JOSM,regular
248214851,created_by,JOSM,regular
248214901,created_by,JOSM,regular
248214959,created_by,JOSM,regular
248215009,created_by,JOSM,regular
248215337,created_by,JOSM,regular
248215393,created_by,JOSM,regular
248217529,created_by,JOSM,regular
248217579,created_by,JOSM,regular
248217629,created_by,JOSM,regular
248217679,created_by,JOSM,regular
248221094,created_by,JOSM,regular
248222385,created_by,JOSM,regular
248222435,created_by,JOSM,regular
248222485,created_by,JOSM,regular
248225185,created_by,JOSM,regular
248225235,created_by,JOSM,regular
248225382,created_by,JOSM,regular
248225454,created_by,JOSM,regular
248225504,created_by,JOSM,regular
248225581,created_by,JOSM,regular
248225634,created_by,JOSM,regular
249793443,created_by,JOSM,regular
249793500,created_by,JOSM,regular
249796359,created_by,JOSM,regular
249796409,created_by,JOSM,regular
254301384,created_by,JOSM,regular
254345695,created_by,JOSM,regular
254348487,created_by,JOSM,regular
254350710,created_by,JOSM,regular
254350764,created_by,JOSM,regular
255983958,created_by,JOSM,regular
255984009,created_by,JOSM,regular
257395468,created_by,JOSM,regular
257398047,created_by,JOSM,regular
272339825,surface,paved,regular
280388506,railway,level_crossing,regular
285969539,power,tower,regular
287323462,power,tower,regular
291433298,alt_name,7-11,regular
291433298,name,7-Eleven,regular
291433298,en,7-Eleven,name
291433298,shop,convenience,regular
291433298,website,http://www.7eleven.co.th/,regular
301327998,name,ซับเวย์,regular
301327998,amenity,fast_food,regular
301327998,cuisine,sandwich,regular
301327998,en,Subway,name
301327998,website,www.subway.co.th,regular
301327998,takeaway,yes,regular
301552629,name,Dolphin Circle,regular
301552629,amenity,fountain,regular
301775270,amenity,atm,regular
301775270,operator,Bank of Ayudhya,regular
303458119,name,SF Cinema City,regular
303458119,amenity,cinema,regular
305073264,surface,paved,regular
306382772,highway,traffic_signals,regular
313047377,name,ด่านศรีนครินทร์,regular
313047377,barrier,toll_booth,regular
339977519,power,tower,regular
344915988,highway,motorway_junction,regular
344915988,surface,paved,regular
344916466,surface,paved,regular
356814884,name,ปากเกร็ด,regular
356814884,is_in,Nonthaburi Province,regular
356814884,place,city,regular
356814884,en,Pak Kret,name
356814884,ja,パックレット,name
356814884,ru,Паккрет,name
356814884,th,ปากเกร็ด,name
356814884,population,180727,regular
356814884,official_name,เทศบาลนครปากเกร็ด,regular
359073056,highway,motorway_junction,regular
359073056,left,ถนนแจ้งวัฒนะ (ปากเกร็ด),exit_to
359073056,right,ถนนแจ้งวัฒนะ (หลักสี่ - ศูนย์ราชการ),exit_to
374187492,name,สำนักงานเขตทวีวัฒนา,regular
374187492,amenity,townhall,regular
374187492,en,Thawi Watthana District Office,name
374187492,th,สำนักงานเขตทวีวัฒนา,name
412083659,name,Skaw Beach Hotel,regular
412083659,phone,+66 38 410802;+66 38 410803;+66 38 410804,regular
412083659,tourism,hotel,regular
415291981,alt_name,7-11,regular
415291981,name,7-Eleven,regular
415291981,en,7-Eleven,name
415291981,shop,convenience,regular
415291981,website,http://www.7eleven.co.th/,regular
489243138,surface,paved,regular
490808748,name,Gai yang somtam,regular
490808748,amenity,fast_food,regular
518852078,highway,crossing,regular
549765557,power,tower,regular
566631929,ref,E22,regular
566631929,name,วัดศรีบุญเรือง,regular
566631929,amenity,ferry_terminal,regular
566631929,en,Wat Sriboonreung,name
566631929,th,วัดศรีบุญเรือง,name
566631929,network,NIDA Line,regular
566631929,public_transport,platform,regular
667881926,amenity,restaurant,regular
685951655,name,Church Of Christ,regular
685951655,amenity,place_of_worship,regular
685951655,religion,christian,regular
685951655,denomination,church_of_christ,regular
696987091,highway,motorway_junction,regular
696987091,surface,paved,regular
701723580,barrier,toll_booth,regular
706209377,foot,yes,regular
706209377,barrier,entrance,regular
706209377,bicycle,yes,regular
706367301,foot,yes,regular
706367301,barrier,entrance,regular
706367301,bicycle,no,regular
742013119,name,239/12,regular
742013119,email,Wanthida1993@gmail.com,regular
742013119,phone,0802224811,regular
742013119,amenity,pharmacy,regular
742013119,street,ถนนลาดพร้าว,addr
742013119,opening_hours,24/7,regular
783770316,highway,bus_stop,regular
783770316,en,Bus stop/ Minivan Chatuchak (BTS Mo Chit),name
794048165,power,tower,regular
794048165,source,Yahoo,regular
794049017,power,tower,regular
794095716,power,tower,regular
794095716,source,Yahoo,regular
794096341,power,tower,regular
794096341,source,Yahoo,regular
891268834,name,บ้านชูวิเชียร,regular
891268834,building,apartments,regular
893975302,name,รงเรียนราชวินิตบางเขน,regular
893975302,shop,doityourself,regular
893975302,amenity,school,regular
893975302,historic,monument,regular
893975302,operator,กระทรวงศึกษาฯ,regular
926174035,surface,paved,regular
933151505,amenity,fuel,regular
933151505,diesel,yes,fuel
933165108,surface,paved,regular
942310358,city,Bangkok,addr
942310358,district,Khet Lak Si,addr
942310358,housenumber,155/18,addr
942310358,subdistrict,Khwaeng Thung Song Hong,addr
942310564,city,Bangkok,addr
942310564,district,Khet Lak Si,addr
942310564,housenumber,299/13,addr
942310564,subdistrict,Khwaeng Thung Song Hong,addr
942310773,city,Bangkok,addr
942310773,district,Khet Lak Si,addr
942310773,housenumber,29/8,addr
942310773,subdistrict,Khwaeng Thung Song Hong,addr
942311634,city,Bangkok,addr
942311634,hamlet,Mu 1,addr
942311634,district,Khet Lak Si,addr
942311634,housenumber,29/191,addr
942311634,subdistrict,Khwaeng Thung Song Hong,addr
943209803,alt_name,7-11,regular
943209803,name,7-Eleven,regular
943209803,en,7-Eleven,name
943209803,shop,convenience,regular
943209803,source,GPS; sign,regular
943209803,website,http://www.7eleven.co.th/,regular
951497759,name,ป.ต.ท.,regular
951497759,source,GPS; sign,regular
951497759,amenity,fuel,regular
951497759,en,PTT,name
951497759,website,www.pttplc.com,regular
957703739,name,ป.ต.ท.,regular
957703739,source,GPS; sign,regular
957703739,amenity,fuel,regular
957703739,en,PTT,name
957703739,website,www.pttplc.com,regular
961227833,amenity,fuel,regular
966293280,name,ที่ทำการองการค์บริหารส่วนตำบลลาดบัวขาว,regular
966293280,amenity,townhall,regular
966340903,name,หนองปลาไหล,regular
966340903,en,Nongplalai,name
966340903,th,หนองปลาไหล,name
966340903,railway,station,regular
966341114,name,หนองจอก,regular
966341114,en,Nong Chok,name
966341114,th,หนองจอก,name
966341114,railway,station,regular
974438572,name,ท่าเรือข้ามฟากดินแดง,regular
974438572,amenity,ferry_terminal,regular
975690135,source,GPS survey,regular
975690135,amenity,fuel,regular
976221251,surface,paved,regular
995551110,highway,traffic_signals,regular
1000289791,highway,traffic_signals,regular
1000402650,alt_name,7-11,regular
1000402650,name,7-Eleven,regular
1000402650,en,7-Eleven,name
1000402650,opening_hours,24/7,regular
1000402650,shop,convenience,regular
1000402650,website,http://www.7eleven.co.th/,regular
1000402731,bench,yes,regular
1000402731,highway,bus_stop,regular
1000402731,shelter,yes,regular
1002783658,name,Ngu-pa,regular
1002783658,street,Vibhavadi,addr
1002783658,description,สะพานปิด,regular
1025599998,highway,traffic_signals,regular
1025600476,name,อัมพวา,regular
1025600476,place,village,regular
1025600476,en,Amphawa,name
1025600476,th,อัมพวา,name
1025600476,population,5607,regular
1027325284,highway,traffic_signals,regular
1030162354,name,Crawfords,regular
1030162354,amenity,pub,regular
1034436640,name,Susco,regular
1034436640,brand,Susco,regular
1034436640,amenity,fuel,regular
1034436640,en,Susco,name
1034436640,th,ซัสโก้,name
1034436640,en,Susco,brand
1034436640,th,ซัสโก้,brand
1038762004,highway,bus_stop,regular
1044102004,name,คาลเท็กซ์,regular
1044102004,amenity,fuel,regular
1044102004,en,Caltex,name
1044102004,website,www.caltex.com,regular
1044102004,operator,CALTEX,regular
1044102004,en,CALTEX,operator
1044102004,th,คาลเท็กซ์,operator
1045298114,history,retrieved using undelete JOSM plugin,regular
1045298667,history,retrieved using undelete JOSM plugin,regular
1048819139,surface,paved,regular
1048820071,surface,paved,regular
1048820851,surface,paved,regular
1048821805,surface,paved,regular
1048996639,surface,paved,regular
1050768724,surface,paved,regular
1050769058,surface,paved,regular
1050769927,surface,paved,regular
1051006487,surface,paved,regular
1051053971,surface,paved,regular
1051116362,surface,paved,regular
1051193991,surface,paved,regular
1051346662,surface,paved,regular
1051418402,surface,paved,regular
1051638978,surface,paved,regular
1058455101,ref,A6,regular
1058455101,source,Bing,regular
1058455101,aeroway,gate,regular
1060236584,name,Puy Bar,regular
1060236584,wifi,free,regular
1060236584,amenity,bar,regular
1060236584,street,Soi New Plaza,addr
1085870067,name,แม่กลอง,regular
1085870067,en,Maeklong,name
1085870067,th,แม่กลอง,name
1085870067,zh,泰国火车站,name
1085870067,railway,station,regular
1088409365,alt_name,7-11,regular
1088409365,name,7-Eleven,regular
1088409365,en,7-Eleven,name
1088409365,shop,convenience,regular
1088409365,website,http://www.7eleven.co.th/,regular
1093202882,name,วัดบางแคใหญ่,regular
1093202882,amenity,place_of_worship,regular
1093202882,religion,buddhist,regular
1097723853,name,Ricky's,regular
1097723853,amenity,cafe,regular
1103131862,highway,crossing,regular
1107889489,surface,paved,regular
1117883908,bench,yes,regular
1117883908,highway,bus_stop,regular
1117883908,shelter,yes,regular
1117884458,bench,yes,regular
1117884458,highway,bus_stop,regular
1117884458,shelter,yes,regular
1129410985,railway,level_crossing,regular
1135659137,amenity,parking,regular
1183545966,railway,level_crossing,regular
1190400894,barrier,gate,regular
1190400894,bicycle,no,regular
1190400894,foot,yes,regular
1190400894,es,Wat Thepthidaram Woraviharn,name
1196935405,amenity,atm,regular
1203077516,name,โรงเรียนอนุบาลสนามจันทร์,regular
1203077516,amenity,kindergarten,regular
1203077516,en,Sanam Chan Kindergarten,name
1208369032,name,Navy Checkpoint,regular
1208369032,barrier,Checkpoint,regular
1215081354,brand,PT,regular
1215081354,amenity,fuel,regular
1223887015,surface,paved,regular
1223952319,surface,paved,regular
1224307979,surface,paved,regular
1224315123,surface,paved,regular
1224324388,surface,paved,regular
1224327550,surface,paved,regular
1224333670,surface,paved,regular
1276699579,name,Oregano Italian Restaurant,regular
1276699579,amenity,restaurant,regular
1282769075,surface,paved,regular
1282769127,surface,paved,regular
1283649296,name,Swensen's,regular
1283649296,amenity,fast_food,regular
1283649296,cuisine,ice_cream,regular
1283649296,website,swensens1112.com,regular
1283869192,name,Se-ed,regular
1283869192,shop,books,regular
1293081922,source,US NGA Pub. 112. 2009-11-12.,regular
1293081922,name,B,seamark
1293081922,type,light_minor,seamark
1293081922,information,Visible all around.daymark.,seamark
1293081922,light:range,4,seamark
1293081922,light:colour,white,seamark
1293081922,light:height,25,seamark
1293081922,light:period,6,seamark
1293081922,light:category,upper,seamark
1293081922,light:character,Iso,seamark
1293081922,light:reference,F 2941.1,seamark
1313313974,building,entrance,regular
1313822681,surface,paved,regular
1313822737,surface,paved,regular
1314118600,surface,paved,regular
1314118955,surface,paved,regular
1314728697,surface,paved,regular
1316302925,surface,paved,regular
1316303022,surface,paved,regular
1321906859,surface,paved,regular
1323320554,surface,paved,regular
1323320612,surface,paved,regular
1323323586,surface,paved,regular
1328642798,name,วัดนินสุขาราม,regular
1328642798,amenity,place_of_worship,regular
1328642798,en,Ninsukharam Temple,name
1328642798,th,วัดนินสุขาราม,name
1328642798,religion,buddhist,regular
1341772563,bench,yes,regular
1341772563,highway,bus_stop,regular
1341772563,shelter,yes,regular
1347812465,surface,paved,regular
1349700746,railway,level_crossing,regular
1351089191,railway,level_crossing,regular
1357415697,name,Erewan Airport Hotel,regular
1357415697,source,GPS,regular
1357415697,tourism,hotel,regular
1368244531,ref,1,regular
1368244531,railway,subway_entrance,regular
1368244531,wheelchair,yes,regular
1374641826,name,ร้านขายขนม,regular
1374641826,amenity,fast_food,regular
1376611732,name,Security checkpoint,regular
1376611732,source,GPS,regular
1376611732,barrier,lift_gate,regular
1418211618,atm,yes,regular
1418211618,name,ธนาคารไทยพาณิชย์,regular
1418211618,source,bing; sign,regular
1418211618,amenity,bank,regular
1418211618,en,Siam Commercial Bank,name
1418211618,th,ธนาคารไทยพาณิชย์,name
1418211618,operator,SCB,regular
1430106997,brand,Esso,regular
1430106997,amenity,fuel,regular
1430106997,e10,yes,fuel
1430106997,diesel,yes,fuel
1430106997,biodiesel,yes,fuel
1430106997,octane_91,yes,fuel
1430106997,octane_95,yes,fuel
1457732371,surface,paved,regular
1458327745,surface,paved,regular
1492127898,name,เพชรเกษม 41,regular
1492127898,en,Phet Kasam 41,name
1492127898,th,เพชรเกษม 41,name
1506268426,power,tower,regular
1506268426,source,Bing,regular
1506268529,power,tower,regular
1506268529,source,Bing,regular
1511588712,en,Makro,name
1528023359,name,อนุสาวรีย์สมเด็จเจ้าพระยาบรมมหาศรีสุริยวงศ์,regular
1528023359,alt_name,อนุสาวรีย์เจ้าพ่อ,regular
1528023359,historic,memorial,regular
1537919559,highway,traffic_signals,regular
1545579879,en,Lumphini Suan Hin Cave,name
1545579879,natural,cave_entrance,regular
1545579879,tourism,attraction,regular
1555101569,name,FamilyMart,regular
1555101569,shop,convenience,regular
1555101569,website,http://www.familymart.co.th,regular
1557038870,alt_name,7-11,regular
1557038870,name,7-Eleven,regular
1557038870,en,7-Eleven,name
1557038870,shop,convenience,regular
1557038870,website,http://www.7eleven.co.th/,regular
1558175333,name,FamilyMart,regular
1558175333,shop,convenience,regular
1558175333,website,http://www.familymart.co.th,regular
1560368044,amenity,atm,regular
1560368044,operator,SCB,regular
1563463730,name,Mityon Pattaya,regular
1563463730,sale,yes,regular
1563463730,shop,motorcycle,regular
1563463730,brand,Honda;Yamaha;Suzuki;Kawasaki;Benelli;Vespa;SYM,regular
1563463730,phone,+66 38 410846,regular
1563463730,website,http://www.mityon.co.th/,regular
1563463730,opening_hours,08:00-20:00,regular
1563487440,alt_name,7-11,regular
1563487440,name,7-Eleven,regular
1563487440,en,7-Eleven,name
1563487440,shop,convenience,regular
1563487440,website,http://www.7eleven.co.th/,regular
1572034545,bench,yes,regular
1572034545,highway,bus_stop,regular
1572034545,shelter,yes,regular
1574189755,name,Triangle Corner,regular
1574189755,amenity,restaurant,regular
1582177449,entrance,main,regular
1583543279,barrier,lift_gate,regular
1584433529,name,Casa Rizzi 1,regular
1584433529,phone,+66 38 714009,regular
1584433529,amenity,restaurant,regular
1584433529,cuisine,pizza;italian;thai,regular
1589192649,name,Prime Beef Butcher Shop,regular
1589192649,shop,butcher,regular
1589192649,email,primebeef2009@hotmail.com,regular
1589192649,phone,+66 38 413990;+66 89 1354556,regular
1589192649,website,http://www.primebeefbutchershop.com,regular
1589192649,wheelchair,no,regular
1591714998,name,วัดบางกะพ้อม,regular
1591714998,amenity,place_of_worship,regular
1591714998,en,Wat Bang Ka Phom,name
1591714998,th,วัดบางกะพ้อม,name
1591714998,religion,buddhist,regular
1596055760,amenity,fuel,regular
1596055760,lpg,yes,fuel
1597521452,atm,yes,regular
1597521452,name,TMB Bank,regular
1597521452,amenity,bank,regular
1597521452,street,ถนนพหลโยธิน,addr
1597521452,postcode,10900,addr
1597521452,housenumber,3000,addr
1597528368,leisure,sports_centre,regular
1597528368,name,ชมรมกีฬาฟันดาบ,regular
1597528368,sport,fencing,regular
1597532494,highway,crossing,regular
1597532494,crossing,unmarked,regular
1597532494,wheelchair,no,regular
1597532494,tactile_paving,no,regular
1598748986,name,Penpayom Apartments 2,regular
1598748986,tourism,apartment,regular
1598839689,power,tower,regular
1600804782,name,The Lighthouse A Go Go,regular
1600804782,amenity,stripclub,regular
1602059400,name,Chitiphat Guesthouse,regular
1602059400,phone,+66 87 0079699,regular
1602059400,tourism,apartment,regular
1603318787,name,Angle Beer Bar,regular
1603318787,amenity,bar,regular
1604713443,name,ป.ต.ท.,regular
1604713443,amenity,fuel,regular
1604713443,en,PTT,name
1604713443,website,www.pttplc.com,regular
1604713443,diesel,yes,fuel
1604713443,octane_95,yes,fuel
1609813808,alt_name,7-11,regular
1609813808,name,7-Eleven,regular
1609813808,en,7-Eleven,name
1609813808,shop,convenience,regular
1609813808,website,http://www.7eleven.co.th/,regular
1625044940,surface,paved,regular
1625257412,surface,paved,regular
1625301517,surface,paved,regular
1626467213,surface,paved,regular
1626467265,surface,paved,regular
1626616157,alt_name,7-11,regular
1626616157,name,7-Eleven,regular
1626616157,en,7-Eleven,name
1626616157,shop,convenience,regular
1626616157,website,http://www.7eleven.co.th/,regular
1629363532,name,ไปรษณีย์ พัทยา,regular
1629363532,amenity,post_office,regular
1629363532,en,Pattaya Post Office,name
1629363532,opening_hours,08:00-20:00,regular
1638942312,surface,paved,regular
1657637997,shop,convenience,regular
1658904686,shop,laundry,regular
1658905233,amenity,telephone,regular
1658905412,shop,kiosk,regular
1658981019,shop,car_repair,regular
1659706441,highway,traffic_signals,regular
1662154613,entrance,main,regular
1663910408,surface,paved,regular
1663910555,surface,paved,regular
1663910712,surface,paved,regular
1663916710,surface,paved,regular
1663923769,surface,paved,regular
1663923857,surface,paved,regular
1663928016,surface,paved,regular
1663935471,surface,paved,regular
1663979483,surface,paved,regular
1663979622,surface,paved,regular
1663982571,surface,paved,regular
1663986973,surface,paved,regular
1663987054,surface,paved,regular
1664005148,surface,paved,regular
1664005216,surface,paved,regular
1664018329,surface,paved,regular
1665531613,surface,paved,regular
1665537953,surface,paved,regular
1665549413,surface,paved,regular
1665579606,surface,paved,regular
1665634244,surface,paved,regular
1665639873,surface,paved,regular
1665651333,surface,paved,regular
1665675398,surface,paved,regular
1666834167,surface,paved,regular
1666840269,surface,paved,regular
1666845292,surface,paved,regular
1666847433,surface,paved,regular
1666851769,surface,paved,regular
1666857455,surface,paved,regular
1666857543,surface,paved,regular
1666857623,surface,paved,regular
1666888782,surface,paved,regular
1666901460,highway,mini_roundabout,regular
1666921819,surface,paved,regular
1666921953,surface,paved,regular
1666925204,surface,paved,regular
1667574047,surface,paved,regular
1667674703,name,No Name,regular
1667674703,amenity,bar,regular
1669113301,amenity,place_of_worship,regular
1669113301,religion,buddhist,regular
1669894894,parking,surface,regular
1675499543,amenity,parking,regular
1681877029,power,tower,regular
1681877029,source,Bing,regular
1681983142,power,tower,regular
1681983142,source,Bing,regular
1682011277,power,tower,regular
1682011277,source,Bing,regular
1682011555,power,tower,regular
1682011555,source,Bing,regular
1682011956,power,tower,regular
1682011956,source,Bing,regular
1682076276,power,tower,regular
1682076276,source,Bing,regular
1682152862,power,tower,regular
1682152862,source,Bing,regular
1682194951,power,tower,regular
1682194951,source,Bing,regular
1682448503,loc_name,หัวลำโพง,regular
1682448503,de,Hua Lamphong,loc_name
1682448503,en,Hua Lamphong,loc_name
1682448503,th,หัวลำโพง,loc_name
1682448503,name,สถานีกรุงเทพ,regular
1682448503,de,Bahnhof Hualamphong,name
1682448503,en,Hualamphong Railway Station,name
1682448503,es,hualampong,name
1682448503,ru,Бангкок,name
1682448503,th,สถานีกรุงเทพ,name
1682448503,railway,station,regular
1682448503,source,GPS;sign,regular
1682877508,highway,traffic_signals,regular
1683301766,name,The Manchester Bar,regular
1683301766,amenity,bar,regular
1684271590,name,ท่าบุญมี,regular
1684271590,place,village,regular
1684271590,en,Tha Bunmi,name
1684271590,th,ท่าบุญมี,name
1685253307,barrier,toll_booth,regular
1687639641,power,tower,regular
1687639641,source,Bing,regular
1688168885,name,One Bar,regular
1688168885,amenity,bar,regular
1689110391,source,Bing,regular
1689110391,railway,level_crossing,regular
1691658708,name,ธนาคารกสิกรไทย,regular
1691658708,amenity,bank,regular
1692912067,railway,level_crossing,regular
1693004080,ref,2,regular
1693004080,name,2,regular
1693004080,bicycle,yes,regular
1693004080,railway,subway_entrance,regular
1693004080,wheelchair,no,regular
1694028783,amenity,parking_exit,regular
1694434159,railway,level_crossing,regular
1694508882,name,ประตูดำ,regular
1694508882,barrier,gate,regular
1695014944,name,King's Bar 2,regular
1695014944,amenity,bar,regular
1696702542,surface,paved,regular
1696740669,surface,paved,regular
1696740741,surface,paved,regular
1696740843,surface,paved,regular
1696740995,surface,paved,regular
1696741141,surface,paved,regular
1696741471,surface,paved,regular
1697334187,name,เรทโทร 108,regular
1697334187,amenity,car_wash,regular
1697334187,en,Retro 108,name
1697334187,th,เรทโทร 108,name
1699182461,ref,2,regular
1699182461,name,2,regular
1699182461,bicycle,yes,regular
1699182461,railway,subway_entrance,regular
1699182461,wheelchair,yes,regular
1700165025,name,ธนาคารไทยพาณิชย์,regular
1700165025,level,0,regular
1700165025,amenity,bank,regular
1700165025,en,Siam Commercial Bank,name
1700165453,name,Balenciaga,regular
1700165453,shop,boutique,regular
1700165453,level,1,regular
1700280284,alt_name,7-11,regular
1700280284,level,0;2,regular
1700280284,name,7-Eleven,regular
1700280284,en,7-Eleven,name
1700280284,shop,convenience,regular
1700280284,website,http://www.7eleven.co.th/,regular
1702451031,source,Bing,regular
1702451031,highway,crossing,regular
1703140477,highway,crossing,regular
1705000940,housenumber,58/105,addr
1705001238,name,Valonika,regular
1705001238,shop,beauty,regular
1705001447,housenumber,58/109,addr
1705001773,name,พร้อม อินเตอร์เทรด,regular
1705001773,shop,deli,regular
1706519307,name,สัตวแพทย์กาญจนา,regular
1706519307,amenity,veterinary,regular
1707065066,shop,copyshop,regular
1707499126,name,Aim Bile,regular
1707499126,housenumber,55/442,addr
1707499179,name,เมืองทองซัพพลาย,regular
1707499179,shop,hardware,regular
1707499179,housenumber,55/443,addr
1709385785,name,rr,regular
1710203530,name,ปตท.,regular
1710203530,amenity,fuel,regular
1710203530,street,ถนนพระรามที่ 5,addr
1714885550,name,Blue River Diamond,regular
1714885550,shop,jewelry,regular
1714885550,level,1,regular
1714885600,name,Siam Tiara,regular
1714885600,shop,jewelry,regular
1714885600,level,2,regular
1715904510,barrier,checkpoint,regular
1716438811,highway,turning_circle,regular
1720381410,noexit,yes,regular
1724588772,public_transport,stop_position,regular
1726101876,name,3,regular
1726101876,bicycle,yes,regular
1726101876,railway,subway_entrance,regular
1726129073,ref,4,regular
1726129073,bicycle,yes,regular
1726129073,railway,subway_entrance,regular
1726307692,surface,paved,regular
1757161500,name,Noodle House,regular
1757161500,source,bing; sign,regular
1757161500,amenity,restaurant,regular
1757161500,en,Noodle House,name
1757161500,th,นูดเดิลเฮาส์,name
1757230873,surface,paved,regular
1757249450,surface,paved,regular
1757268318,surface,paved,regular
1757271870,surface,paved,regular
1778738790,amenity,toilets,regular
1788456359,name,Bangna Post Office,regular
1788456359,amenity,post_office,regular
1794350656,entrance,main,regular
1797249245,name,13 Coins restaurant,regular
1797249245,amenity,restaurant,regular
1797249245,cuisine,international,regular
1798905810,amenity,bank,regular
1808847856,amenity,toilets,regular
1809620497,entrance,main,regular
1809749921,entrance,main,regular
1823094995,entrance,main,regular
1823901987,name,La Colombe d'Or,regular
1823901987,amenity,restaurant,regular
1825389510,name,Jomtien Fishing Park,regular
1825389510,sport,fishing,regular
1825389510,leisure,sports_centre,regular
1825389510,website,http://www.pattayafishing.net/jomtien-fishing-park/,regular
1837357611,name,Pig and Whistle,regular
1837357611,amenity,restaurant,regular
1837357611,cuisine,british,regular
1837477562,source,Bing,regular
1837477562,amenity,place_of_worship,regular
1837477562,religion,buddhist,regular
1837478116,access,destination,regular
1837478116,source,Bing,regular
1837478116,entrance,yes,regular
1841142556,name,ป.ต.ท.,regular
1841142556,amenity,fuel,regular
1841142556,en,PTT,name
1841142556,website,www.pttplc.com,regular
1841142556,cng,yes,fuel
1841142556,e10,no,fuel
1841142556,diesel,yes,fuel
1841142556,octane_91,yes,fuel
1841142556,octane_95,yes,fuel
1847835008,highway,bus_stop,regular
1848981186,name,โรงเรียนทหารขนส่ง กรมการขนส่งทหารบก,regular
1848981186,office,military,regular
1851002274,name,Airplane,regular
1851002274,historic,memorial,regular
1851292007,amenity,atm,regular
1851292007,operator,ธนาคารกสิกรไทย,regular
1858337649,name,บ้านดอกไม้,regular
1858337649,shop,florist,regular
1861287544,highway,mini_roundabout,regular
1867711058,power,tower,regular
1867711213,power,tower,regular
1867711386,power,tower,regular
1867711556,power,tower,regular
1867711716,power,tower,regular
1867711984,power,tower,regular
1867712121,power,tower,regular
1867712171,power,tower,regular
1867712292,power,tower,regular
1867712388,power,tower,regular
1868624102,power,tower,regular
1868624152,power,tower,regular
1868624257,power,tower,regular
1868665387,power,tower,regular
1868665581,power,tower,regular
1868665779,power,tower,regular
1868665944,power,tower,regular
1870359789,power,tower,regular
1870359839,power,tower,regular
1870359889,power,tower,regular
1870962637,atm,yes,regular
1870962637,name,ธนาคารกรุงไทย สาขาเพชรเกษม 39,regular
1870962637,amenity,bank,regular
1872414784,amenity,telephone,regular
1879178607,entrance,main,regular
1880492011,entrance,main,regular
1882458917,surface,paved,regular
1882459049,surface,paved,regular
1882459516,surface,paved,regular
1882459826,surface,paved,regular
1882459984,surface,paved,regular
1882460244,surface,paved,regular
1882460444,surface,paved,regular
1882460511,surface,paved,regular
1882460569,surface,paved,regular
1882472082,surface,paved,regular
1882472132,surface,paved,regular
1882544080,surface,paved,regular
1882547193,highway,traffic_signals,regular
1883376882,name,7-Eleven,regular
1883376882,shop,convenience,regular
1883376882,en,7-Eleven,name
1883376882,website,http://www.7eleven.co.th/,regular
1883376882,alt_name,7-11,regular
1883376882,operator,Seven & I Holdings,regular
1886961363,name,ท่าพระจันทร์,regular
1886961363,amenity,ferry_terminal,regular
1886961363,en,Phra Chan Pier,name
1892795713,amenity,restaurant,regular
1895892938,power,tower,regular
1895892989,power,tower,regular
1895893039,power,tower,regular
1895893153,power,tower,regular
1896274857,entrance,main,regular
1904775176,highway,traffic_signals,regular
1915025826,amenity,telephone,regular
1921430442,surface,paved,regular
1921444793,surface,paved,regular
1921444843,surface,paved,regular
1921449952,surface,paved,regular
1921499382,surface,paved,regular
1921508506,surface,paved,regular
1923118834,name,ขุนด่านเจ้าพ่อเสือ บางหว้า,regular
1923118834,amenity,place_of_worship,regular
1923118834,alt_name,ศาลเจ้าพ่อเสือ บางหว้า,regular
1924755693,amenity,place_of_worship,regular
1926821980,amenity,telephone,regular
1926971465,name,ข้าวมันไก่,regular
1926971465,amenity,restaurant,regular
1958715645,highway,bus_stop,regular
1964595091,entrance,main,regular
1971275773,highway,bus_stop,regular
1971861116,name,ออลทเวนตี้,regular
1971861116,shop,convenience,regular
1973754895,entrance,main,regular
1992315713,name,บางโพงพาง,regular
1992315713,place,neighbourhood,regular
1992315713,en,Bang Phong Phang,name
1992315713,th,บางโพงพาง,name
1997949052,amenity,parking,regular
2008494559,name,Nonthaburi Market,regular
2008494559,shop,supermarket,regular
2013195340,surface,paved,regular
2017911028,barrier,gate,regular
2024670353,amenity,parking_entrance,regular
2031791284,name,Drifters Cafe,regular
2031791284,amenity,restaurant,regular
2039197506,public_transport,stop_position,regular
2041589644,highway,crossing,regular
2041589644,crossing,traffic_signals,regular
2059560610,amenity,telephone,regular
2063469489,power,tower,regular
2064276447,name,Cat Bar Beer,regular
2064276447,amenity,bar,regular
2064781161,name,Starbucks Coffee,regular
2064781161,shop,coffee,regular
2064781161,wifi,yes,regular
2064781161,brand,Starbucks,regular
2064781161,image,http://farm9.staticflickr.com/8187/8385596259_73fbc4661f_m.jpg,regular
2064781161,level,0,regular
2064781161,amenity,cafe,regular
2064781161,cuisine,coffee_shop,regular
2064781161,en,Starbucks Coffee,name
2064781161,th,สตาร์บัคส์,name
2064781161,smoking,no,regular
2064781161,website,http://www.starbucks.co.th/,regular
2064781161,wikipedia,en:Starbucks,regular
2064781161,Number zone,A108,regular
2065920182,fax,+6626522279,regular
2065920182,name,Spoonful Zakka cafe,regular
2065920182,email,spoonful.bkk@gmail.com,regular
2065920182,image,http://farm9.staticflickr.com/8196/8383751638_a2c10fb2cf_m.jpg,regular
2065920182,level,1,regular
2065920182,phone,+6626522278,regular
2065920182,price,101 - 250 baht,regular
2065920182,amenity,cafe,regular
2065920182,website,http://www.spoonfulzakka.com,regular
2065920182,opening_hours,11:00-19:00,regular
2066043055,name,วัดมณีชลขัณฑ์,regular
2066043055,amenity,place_of_worship,regular
2066043055,en,Wat Mani-Sholakhan,name
2066043055,th,วัดมณีชลขัณฑ์,name
2066043055,religion,buddhist,regular
2068146688,level,0,regular
2068146688,amenity,atm,regular
2068146688,operator,K Bank,regular
2071630015,name,บ้านรักอัมพวา,regular
2071630015,tourism,guest_house,regular
2071777006,name,Hobs Away,regular
2071777006,level,0,regular
2071777006,amenity,bar,regular
2071777006,opening_hours,11:00-01:00,regular
2074770104,shop,clothes,regular
2074770104,image,"<a href=""http://pic.free.in.th/id/8939add8bff0c608648d699f24507693""  target=""_blank""><img border=""0"" src=""http://image.free.in.th/z/it/img_7116.jpg"" alt=""images by free.in.th""/></a>",regular
2075728142,name,italian job restaurant,regular
2075728142,level,2,regular
2075728142,phone,+6626130518,regular
2075728142,price,251 - 500 bath,regular
2075728142,amenity,restaurant,regular
2075728142,opening_hours,11:00-22:00,regular
2075728142,credit_cards,yes,payment
2076002293,name,Kidsmatter,regular
2076002293,amenity,school,regular
2077135161,name,Wine Connection,regular
2077135161,amenity,restaurant,regular
2077260062,surface,paved,regular
2077264171,surface,paved,regular
2080771027,surface,paved,regular
2080824273,surface,paved,regular
2080824712,surface,paved,regular
2080824927,surface,paved,regular
2080825026,surface,paved,regular
2080847597,surface,paved,regular
2080847773,surface,paved,regular
2080869422,surface,paved,regular
2080869472,surface,paved,regular
2080869522,surface,paved,regular
2080869573,surface,paved,regular
2080889370,surface,paved,regular
2080916038,surface,paved,regular
2080916272,surface,paved,regular
2080928458,surface,paved,regular
2080928514,surface,paved,regular
2080928573,surface,paved,regular
2080937411,surface,paved,regular
2083014445,surface,paved,regular
2083054025,surface,paved,regular
2083087774,surface,paved,regular
2083090664,surface,paved,regular
2083090714,surface,paved,regular
2084139245,surface,paved,regular
2084198689,surface,paved,regular
2084281162,surface,paved,regular
2084291251,surface,paved,regular
2084614987,surface,paved,regular
2084615261,surface,paved,regular
2084615446,surface,paved,regular
2086913444,alt_name,7-11,regular
2086913444,name,7-Eleven,regular
2086913444,en,7-Eleven,name
2086913444,opening_hours,24/7,regular
2086913444,shop,convenience,regular
2086913444,website,http://www.7eleven.co.th/,regular
2086913444,wheelchair,limited,regular
2090403454,public_transport,stop_position,regular
2090403605,highway,crossing,regular
2092390678,aeroway,helipad,regular
2093040116,name,SC Plaza,regular
2093040116,shop,mall,regular
2094706548,name,Let them eat cake,regular
2094706548,amenity,cafe,regular
2097673121,power,tower,regular
2097673179,power,tower,regular
2097673233,power,tower,regular
2097673292,power,tower,regular
2097673347,power,tower,regular
2097673401,power,tower,regular
2097673518,power,tower,regular
2097673571,power,tower,regular
2097673676,power,tower,regular
2097673732,power,tower,regular
2097673788,power,tower,regular
2097673841,power,tower,regular
2099176554,name,Red Mango,regular
2099176554,floor,0,regular
2099176554,amenity,cafe,regular
2099176554,cuisine,ice_cream,regular
2099178488,amenity,cafe,regular
2099185745,shop,clothes,regular
2099190720,name,Anyadaru,regular
2099190720,shop,beauty,regular
2099196970,shop,clothes,regular
2099200031,name,อี.เอส.ช๊อป แฟชั่น,regular
2099200031,shop,clothes,regular
2099200031,level,0,regular
2099200031,opening_hours,Mo-Su 09:00-18:00,regular
2099200398,shop,clothes,regular
2099202449,shop,clothes,regular
2099238991,name,Mont Blanc,regular
2099238991,level,1,regular
2099238991,amenity,cafe,regular
2101343484,ref,46,regular
2101343484,aeroway,gate,regular
2101996299,noexit,yes,regular
2101998075,noexit,yes,regular
2101998232,noexit,yes,regular
2102056408,barrier,block,regular
2104238595,atm,yes,regular
2104238595,name,ธนาคารกรุงเทพ,regular
2104238595,brand,ธนาคารกรุงเทพ,regular
2104238595,amenity,bank,regular
2104238595,en,Bangkok Bank,name
2104238595,th,ธนาคารกรุงเทพ,name
2104238595,en,Bangkok Bank,brand
2104238595,th,ธนาคารกรุงเทพ,brand
2105503553,noexit,yes,regular
2106360552,barrier,gate,regular
2107224373,fee,3 baht.,regular
2107224373,amenity,toilets,regular
2107224373,designation,Toilet 6 ,regular
2107300628,power,tower,regular
2107300628,design,six-level,regular
2107308829,name,Rosaniyom,regular
2107308829,shop,clothes,regular
2107308829,designation,ร้านเสื้อผ้า,regular
2107944415,power,tower,regular
2108892020,name,Favour,regular
2108892020,shop,clothes,regular
2109097135,shop,hairdresser,regular
2109097135,layer,2,regular
2109830384,noexit,yes,regular
2111898187,name,tell me wine,regular
2111898187,image,http://pic.free.in.th/id/c330cb5d124eb2833a5ec06e72e1d945,regular
2111898187,level,0,regular
2111898187,phone,+6629070502;+6629070503,regular
2111898187,amenity,bar,regular
2111898187,cuisine,japanese;italian;thai,regular
2111898187,facebook,tellmewineandcuisine,regular
2111898187,opening_hours,Mo-Su 18:00-01:00,regular
2112492824,shop,clothes,regular
2113554193,name,Suzuki,regular
2113554193,shop,car,regular
2114275684,amenity,waste_basket,regular
2119803241,barrier,gate,regular
2119803241,traffic_calming,island,regular
2119803804,barrier,gate,regular
2169207110,amenity,atm,regular
2169207110,operator,Siam Commercial Bank,regular
2175932832,highway,crossing,regular
2184393423,highway,steps,regular
2184393473,alt_name,7-11,regular
2184393473,name,7-Eleven,regular
2184393473,en,7-Eleven,name
2184393473,shop,convenience,regular
2184393473,website,http://www.7eleven.co.th/,regular
2185232761,name,วัดพระแม่สกลสงเคราะห์,regular
2185232761,amenity,place_of_worship,regular
2185232761,en,Mary the Mediatrix of All Graces Church,name
2185232761,religion,christian,regular
2185232761,denomination,catholic,regular
2195629590,street,ถนนหลังสวน,addr
2195629590,housenumber,29;29/2;29/3;29/4,addr
2196893206,street,สุขุมวิท 2,addr
2196893206,housenumber,66,addr
2202268909,noexit,yes,regular
2203069382,highway,bus_stop,regular
2203101423,amenity,school,regular
2231708062,alt_name,7-11,regular
2231708062,name,7-Eleven,regular
2231708062,en,7-Eleven,name
2231708062,shop,convenience,regular
2231708062,website,http://www.7eleven.co.th/,regular
2240542529,name,Bang Pakong Power Plant/EGAT,regular
2240542529,man_made,works,regular
2264501439,name,ShabuShi,regular
2264501439,amenity,restaurant,regular
2264501439,cuisine,japanese,regular
2271917708,name,เชลล์,regular
2271917708,source,survey,regular
2271917708,amenity,fuel,regular
2271917708,en,Shell,name
2271917708,website,www.shell.co.th,regular
2271917708,operator,Shell,regular
2284307235,amenity,restaurant,regular
2284307235,cuisine,japanese,regular
2284307235,name,Fuji Japanese Restaurant,regular
2284307235,th,big c food park,name
2284307235,wheelchair,yes,regular
2286594676,name,Café Amazon,regular
2286594676,shop,coffee,regular
2286594676,brand,Café Amazon,regular
2286594676,amenity,cafe,regular
2286594676,cuisine,coffee_shop,regular
2286594676,en,Café Amazon,name
2286594676,th,คาเฟ่ อเมซอน,name
2286594676,smoking,no,regular
2286594676,operator,PTT,regular
2288516035,name,ครัวสายฟ้าห้องพัก,regular
2288516035,phone,+66 38 011638,regular
2288516035,en,SaiFaa Guesthouse,name
2288516035,tourism,guest_house,regular
2288516035,website,http://www.saifaa.com/,regular
2288516035,wheelchair,no,regular
2288516035,internet_access,wlan,regular
2288516035,fee,no,internet_access
2290659932,man_made,water_tower,regular
2294252828,name,บ้านพักดาวทะเล,regular
2294252828,building,house,regular
2304218261,foot,yes,regular
2304218261,barrier,gate,regular
2304218261,bicycle,yes,regular
2306465861,surface,paved,regular
2322047165,power,tower,regular
2322047165,design,delta,regular
2332160405,barrier,toll_booth,regular
2338163481,alt_name,7-11,regular
2338163481,name,7-Eleven,regular
2338163481,en,7-Eleven,name
2338163481,shop,convenience,regular
2338163481,source,Bing; sign,regular
2338163481,website,http://www.7eleven.co.th/,regular
2339057521,ref,E18,regular
2339057521,name,สะพานมิตมหาดไทย,regular
2339057521,amenity,ferry_terminal,regular
2339057521,en,Sapan Mit Mahadthai,name
2339057521,th,สะผานมิตมหาดไทย,name
2339057521,network,NIDA Line,regular
2339057521,public_transport,platform,regular
2361919525,name,Elle Tha Pra Chan,regular
2361919525,amenity,restaurant,regular
2361919525,cuisine,thai,regular
2361919525,street,Thanon Maharat,addr
2361919525,housenumber,172,addr
2367954560,name,3BB,regular
2367954560,office,telecommunication,regular
2367954560,website,http://www.3bb.co.th/,regular
2367954560,opening_hours,10:00-21:00,regular
2370919091,barrier,gate,regular
2373552514,entrance,yes,regular
2373803868,name,ประตูเชียงราก 2,regular
2373803868,barrier,gate,regular
2373803868,en,Chiang Raak Gate 2,name
2377092491,street,สุขุมวิท 61,addr
2377092491,date,2013-07-07,survey
2377092491,housenumber,48/1,addr
2378243061,entrance,yes,regular
2379698839,entrance,yes,regular
2379714213,entrance,yes,regular
2379765617,entrance,yes,regular
2383939825,surface,paved,regular
2383946904,surface,paved,regular
2383952353,surface,paved,regular
2385381724,name,ประตูวิจิตรบรรจง,regular
2385381724,barrier,gate,regular
2385381724,en,Vichit Banjong,name
2398070814,name,Souvlaki,regular
2398070814,amenity,restaurant,regular
2398070814,cuisine,greek,regular
2398070814,en,Souvlaki,name
2399039188,tourism,information,regular
2399039188,information,office,regular
2402683385,name,Dr BJ's Salon,regular
2402683385,amenity,bar,regular
2402683385,website,http://bjbarbangkok.com/,regular
2402683385,city,Bangkok,addr
2402683385,street,ถนนสุขุมวิท ซอย7/1,addr
2402683385,designation,BJ Bar,regular
2402683385,housenumber,131/31,addr
2403979154,name,Bangkok Home Stay,regular
2403979154,tourism,hostel,regular
2404896457,name,Triumph,regular
2404896457,shop,motorcycle,regular
2405988528,barrier,gate,regular
2406182462,name,วัดเจริญสุขารามวรวิหาร,regular
2406182462,amenity,place_of_worship,regular
2406182462,en,Wat Charoen Su Kha Ram Worawihan,name
2406182462,th,วัดเจริญสุขารามวรวิหาร,name
2406182462,religion,buddhist,regular
2406225288,bench,yes,regular
2406225288,highway,bus_stop,regular
2406225288,shelter,yes,regular
2407006310,power,tower,regular
2407006379,power,tower,regular
2407310162,railway,level_crossing,regular
2408292364,power,tower,regular
2419616176,entrance,yes,regular
2419677997,name,สำนักงานจัดการทรัพย์สิน,regular
2419677997,office,administrative,regular
2419677997,en,Thammasat Property Management Office,name
2419911978,entrance,main,regular
2420676431,barrier,gate,regular
2428799921,name,Bangkok Bank,regular
2428799921,amenity,bureau_de_change,regular
2428973239,amenity,bureau_de_change,regular
2429893271,name,หมู่บ้านมอญ,regular
2429893271,place,village,regular
2429893271,en,Muban Mon,name
2429893271,th,หมู่บ้านมอญ,name
2430406397,name,Boots,regular
2430406397,amenity,pharmacy,regular
2430549402,barrier,gate,regular
2448242725,name,Dee Koff Coffee,regular
2448242725,amenity,cafe,regular
2448242725,en,Dee Koff Coffee,name
2448242725,th,ดี คอฟ,name
2448242725,housenumber,55/609,addr
2453407235,surface,paved,regular
2453407291,surface,paved,regular
2453407351,surface,paved,regular
2453407401,surface,paved,regular
2460109297,name,Bamboo Bar,regular
2460109297,amenity,bar,regular
2494469390,amenity,place_of_worship,regular
2494469390,name,Trimurti Shrine,regular
2494469390,zh,三面佛 (愛神),name
2494469390,religion,hindu,regular
2497943614,type,mooring,seamark
2497943614,mooring:category,dolphin,seamark
2497943747,type,mooring,seamark
2497943747,mooring:category,dolphin,seamark
2498823274,power,tower,regular
2511199392,name,Deja Vu,regular
2511199392,amenity,bar,regular
2518184883,name,Café Lib~ra~ry,regular
2518184883,amenity,restaurant,regular
2520626335,amenity,restaurant,regular
2520658773,name,โรงเรียนอนุบาลแสงมิตร,regular
2520658773,amenity,school,regular
2555267086,name,โรงเรียนขุมทองวิทยา,regular
2555267086,amenity,school,regular
2558011532,name,FamilyMart,regular
2558011532,shop,convenience,regular
2558011532,website,http://www.familymart.co.th,regular
2559537852,name,Gulliver's,regular
2559537852,amenity,restaurant,regular
2562613492,surface,paved,regular
2587899768,power,tower,regular
2587899768,design,three-level,regular
2597277657,entrance,main,regular
2599845121,name,Suankularb college,regular
2599845121,amenity,college,regular
2607836656,amenity,parking,regular
2609983142,fixme,continue,regular
2611253710,noexit,yes,regular
2612102651,noexit,yes,regular
2617246448,noexit,yes,regular
2617246599,noexit,yes,regular
2617246829,noexit,yes,regular
2617664446,noexit,yes,regular
2617665737,noexit,yes,regular
2619529114,amenity,fuel,regular
2619529114,brand,PTT,regular
2619529114,en,PTT,brand
2619529114,th,ปตท,brand
2619529114,name,PTT,regular
2619529114,en,PTT,name
2619529114,th,ปตท,name
2619529114,source,"Bing, GPS",regular
2629937552,alt_name,7-11,regular
2629937552,name,7-Eleven,regular
2629937552,en,7-Eleven,name
2629937552,shop,convenience,regular
2629937552,website,http://www.7eleven.co.th/,regular
2635276387,power,tower,regular
2635300152,power,tower,regular
2635307085,surface,paved,regular
2641813594,amenity,car_wash,regular
2643469939,barrier,lift_gate,regular
2655874668,surface,paved,regular
2655906345,man_made,water_tower,regular
2658628661,entrance,yes,regular
2667285415,noexit,yes,regular
2671044892,power,tower,regular
2671054885,power,tower,regular
2671057936,power,tower,regular
2671069524,power,tower,regular
2671069577,power,tower,regular
2671077438,power,tower,regular
2671313589,alt_name,7-11,regular
2671313589,name,7-Eleven,regular
2671313589,en,7-Eleven,name
2671313589,shop,convenience,regular
2671313589,website,http://www.7eleven.co.th/,regular
2696403537,atm,yes,regular
2696403537,amenity,bank,regular
2696403537,operator,ธนาคารกรุงไทย,regular
2696403537,en,Krungthai Bank,operator
2696403537,th,ธนาคารกรุงไทย,operator
2696431164,name,KFC,regular
2696431164,brand,KFC,regular
2696431164,phone,1150,regular
2696431164,amenity,fast_food,regular
2696431164,cuisine,chicken,regular
2696431164,en,KFC,name
2696431164,th,เค เอฟ ซี,name
2696431164,smoking,no,regular
2696431164,website,www.kfc.co.th,regular
2696431164,alt_name,Kentucky Fried Chicken,regular
2696431164,operator,Kentucky Fried Chicken,regular
2706656059,name,วัดสี่แยกเจริญพร,regular
2706656059,amenity,place_of_worship,regular
2706656059,religion,buddhist,regular
2735915176,name,Heartbeat Seafood,regular
2735915176,amenity,restaurant,regular
2753421254,name,Climax Club,regular
2753421254,amenity,nightclub,regular
2753421254,website,http://www.climax-pattaya.com,regular
2757843565,shop,variety_store,regular
2769314530,name,Harry's place,regular
2769314530,phone,+66 81 2740794,regular
2769314530,tourism,guest_house,regular
2769314530,website,http://www.atharrysplace.com,regular
2772371455,name,Dragon Steakhouse,regular
2772371455,amenity,restaurant,regular
2772371455,cuisine,steak,regular
2783279480,name,Moom Talay,regular
2783279480,amenity,restaurant,regular
2783279480,cuisine,thai,regular
2805928182,name,Prommanee House 2,regular
2805928182,phone,+66 38 720450,regular
2805928182,tourism,guest_house,regular
2808307897,name,Maree House,regular
2808307897,phone,+66 38 423519,regular
2808307897,tourism,guest_house,regular
2837373624,name,MK Restaurants,regular
2837373624,brand,MK Restaurants,regular
2837373624,phone,1642,regular
2837373624,amenity,restaurant,regular
2837373624,cuisine,suki,regular
2837373624,en,MK Restaurants,name
2837373624,website,http://www.mkrestaurant.com/,regular
2837373624,operator,MK Restaurants,regular
2837373624,wheelchair,yes,regular
2841719053,name,Shhh...,regular
2841719053,amenity,nightclub,regular
2862142000,name,Love Long Time,regular
2862142000,phone,+66 89 9883190,regular
2862142000,tourism,guest_house,regular
2862142000,website,https://www.facebook.com/LoveLongTimeApartment,regular
2863456778,alt_name,7-11,regular
2863456778,name,7-Eleven,regular
2863456778,en,7-Eleven,name
2863456778,shop,convenience,regular
2863456778,website,http://www.7eleven.co.th/,regular
2883219691,name,Oh La La,regular
2883219691,amenity,bar,regular
2888088179,name,Home Mart,regular
2888088179,shop,doityourself,regular
2888093114,power,tower,regular
2888542541,surface,paved,regular
2889224526,bench,yes,regular
2889224526,highway,bus_stop,regular
2889224526,shelter,yes,regular
2901617952,noexit,yes,regular
2901618108,noexit,yes,regular
2916046147,name,7-Eleven,regular
2916046147,shop,convenience,regular
2916046147,en,7-Eleven,name
2916046147,website,http://www.7eleven.co.th/,regular
2916046147,alt_name,7-11,regular
2916046147,operator,Seven & I Holdings,regular
2926982810,hamlet,หมู่ 15,addr
2926982810,street,ถนนบางนา-ตราด,addr
2926982810,district,บางพลี,addr
2926982810,postcode,10540,addr
2926982810,province,สมุทรปราการ,addr
2926982810,housenumber,324,addr
2926982810,subdistrict,บางแก้ว,addr
2971082370,amenity,parking,regular
2972684233,name,Cha Chas South Indian Vegetarian,regular
2972684233,amenity,restaurant,regular
2972684233,cuisine,vegetarian,regular
2982447227,source,survey,regular
2982447227,amenity,hospital,regular
2982447227,en,Hankha Hospital,name
2993384849,name,นิสสัน สิมออโต้ นครปฐมซิตี้,regular
2993384849,shop,car,regular
2993384849,street,ถนนทรงพล,addr
2993384849,postcode,73000,addr
2993384849,housenumber,211/2,addr
3003562462,power,tower,regular
3003562547,power,tower,regular
3012040618,amenity,waste_basket,regular
3012242701,foot,yes,regular
3012242701,barrier,lift_gate,regular
3012242701,bicycle,yes,regular
3034849242,fee,yes,regular
3034849242,amenity,drinking_water,regular
3036536065,name,Ikfeef Shabu,regular
3036536065,amenity,restaurant,regular
3036536065,cuisine,Halal,regular
3036536065,smoking,outside,regular
3036536065,capacity,20,regular
3036536065,postcode,10700,addr
3038774917,name,แก้วธรรมเภสัช,regular
3038774917,amenity,pharmacy,regular
3039149111,highway,bus_stop,regular
3040931236,name,โรงพยาบาลนครธน,regular
3040931236,amenity,hospital,regular
3040931236,en,Nakornthon Hospital,name
3040931236,th,โรงพยาบาลนครธน,name
3040931236,city,บางขุนเทียน,addr
3040931236,emergency,yes,regular
3040931236,street,พระรามที่ 2 ซอย 56,addr
3040931236,postcode,10150,addr
3040931236,housenumber,1,addr
3042972156,name,Ban Bang Lamung School,regular
3042972156,building,school,regular
3042972156,city,Bang Lamung,addr
3043549469,surface,paved,regular
3043569389,surface,paved,regular
3043569839,surface,paved,regular
3043569889,surface,paved,regular
3043578419,surface,paved,regular
3043579369,surface,paved,regular
3045833537,amenity,post_box,regular
3052254879,noexit,yes,regular
3053764251,shop,hardware,regular
3056799309,name,คลองสวนพลูรีสอร์ท,regular
3056799309,leisure,resort,regular
3056799309,en,Klong saun plu resort,name
3056883912,leisure,playground,regular
3060907240,brand,SCB,regular
3060907240,amenity,atm,regular
3076135133,amenity,post_box,regular
3078617865,alt_name,7-11,regular
3078617865,name,7-Eleven,regular
3078617865,en,7-Eleven,name
3078617865,shop,convenience,regular
3078617865,website,http://www.7eleven.co.th/,regular
3078972708,surface,paved,regular
3079896138,name,วัดโพธิ์บางคล้า (วัดค้างคาว),regular
3079896138,amenity,place_of_worship,regular
3079896138,en,Wat Pho Bang Khla (Bat Temple),name
3079896138,th,วัดโพธิ์บางคล้า (วัดค้างคาว),name
3079896138,religion,buddhist,regular
3093596385,name,Mini Big C,regular
3093596385,shop,convenience,regular
3096836188,name,Station Hotel,regular
3096836188,stars,0,regular
3096836188,source,survey,regular
3096836188,tourism,hotel,regular
3096836188,date,2016-07-29,source
3103325430,amenity,telephone,regular
3115076194,noexit,yes,regular
3137076524,natural,tree,regular
3139015873,railway,level_crossing,regular
3145034343,name,Tongue Thai,regular
3145034343,amenity,restaurant,regular
3150130030,name,Feel at Home Backpackers,regular
3150130030,tourism,hostel,regular
3166191035,barrier,lift_gate,regular
3168379561,name,Baan Hollanda,regular
3168379561,amenity,cafe,regular
3168379561,cuisine,Dutch_snacks,regular
3168379561,opening_hours,"09:00-17:00, Wednesdays to Sundays",regular
3168379561,internet_access,wlan,regular
3180397848,entrance,main,regular
3182323246,man_made,tower,regular
3188989930,name,Dokkrai Airstrip,regular
3188989930,aeroway,aerodrome,regular
3192735749,entrance,main,regular
3197975568,atm,yes,regular
3197975568,name,2 ATM,regular
3197975568,amenity,atm,regular
3202517731,name,Caltex,regular
3202517731,amenity,fuel,regular
3202517731,operator,Caltex,regular
3205653382,name,Bluebird Inn,regular
3205653382,email,bluebirdpattaya@gmail.com,regular
3205653382,phone,+66 38 110606;+66 87 5036704,regular
3205653382,tourism,guest_house,regular
3205653382,website,http://bluebirdinn.eu/,regular
3212008101,name,Chill Out Guesthouse,regular
3212008101,email,chilloutguesthouse2@gmail.com,regular
3212008101,phone,+66 90 9129124;+66 92 3597604,regular
3212008101,tourism,guest_house,regular
3212008101,website,http://chilloutguesthouse2-pattaya.com/,regular
3215446159,entrance,main,regular
3218780275,name,WOW Bike,regular
3218780275,shop,motorcycle,regular
3218780275,phone,+66 85 2399937;+66 82 8634442;+66 81 1538819,regular
3218780275,website,https://th-th.facebook.com/wowbike.thailand,regular
3220134253,name,Katesiree,regular
3220134253,phone,+66 89 9365608;+66 87 5074087,regular
3220134253,tourism,guest_house,regular
3226107615,name,Golden Gate,regular
3226107615,phone,+66 33 673321,regular
3226107615,tourism,guest_house,regular
3226736952,surface,paved,regular
3227751567,name,Dad and Mom House,regular
3227751567,phone,+66 81 7614713,regular
3227751567,tourism,guest_house,regular
3228032412,barrier,lift_gate,regular
3239250411,name,Penpayom Apartment 3,regular
3239250411,phone,+66 38 426176,regular
3239250411,tourism,apartment,regular
3242226350,name,Chomphu Apartment,regular
3242226350,phone,+66 81 6526491;+66 86 3881911,regular
3242226350,tourism,apartment,regular
3246215068,highway,traffic_signals,regular
3246215068,direction,forward,traffic_signals
3247637533,surface,paved,regular
3248951477,surface,paved,regular
3248971286,surface,paved,regular
3248971336,surface,paved,regular
3248971386,surface,paved,regular
3248996283,surface,paved,regular
3248996334,surface,paved,regular
3249014383,surface,paved,regular
3249014584,surface,paved,regular
3249014634,surface,paved,regular
3249014684,surface,paved,regular
3250473034,surface,paved,regular
3250478370,surface,paved,regular
3250478429,surface,paved,regular
3250546332,surface,paved,regular
3250558973,surface,paved,regular
3250566040,surface,paved,regular
3250568708,surface,paved,regular
3250580200,surface,paved,regular
3250580250,surface,paved,regular
3250583764,surface,paved,regular
3250588513,surface,paved,regular
3250589744,surface,paved,regular
3250605011,surface,paved,regular
3250605061,surface,paved,regular
3250613903,surface,paved,regular
3250617404,surface,paved,regular
3250625190,surface,paved,regular
3250629803,surface,paved,regular
3250631824,surface,paved,regular
3250633184,surface,paved,regular
3250636896,surface,paved,regular
3250647108,surface,paved,regular
3250651197,surface,paved,regular
3250651294,surface,paved,regular
3250658667,surface,paved,regular
3250668716,surface,paved,regular
3251684373,name,พาวเวอร์บาย,regular
3251684373,shop,electronics,regular
3251684373,en,Powerbuy,name
3251684373,opening_hours,10:00-22:00,regular
3256251379,name,บ้านห้วยขุนราม,regular
3256251379,place,village,regular
3256251379,en,Ban Huai Khun Ram,name
3257797228,name,สนามฟุตบอลไทยเตะ,regular
3257797228,sport,soccer,regular
3257797228,leisure,pitch,regular
3257855785,power,tower,regular
3257863371,entrance,main,regular
3262776431,name,The Faces Bar,regular
3262776431,amenity,bar,regular
3263987932,amenity,townhall,regular
3263987932,en,สำนักงานเทศบาลเมืองบางศรีเมือง,name
3268503200,barrier,gate,regular
3273457733,noexit,yes,regular
3279974425,amenity,atm,regular
3279974425,operator,ธนาคารกรุงไทย,regular
3282975486,surface,paved,regular
3283352419,name,ก๋วยเตี๋ยวทะเล,regular
3283352419,amenity,restaurant,regular
3285227274,name,หมู่บ้านมัณฑิกา,regular
3285227274,place,hamlet,regular
3285227274,en,Muban Man Thi Ka,name
3285227274,th,หมู่บ้านมัณฑิกา,name
3285463417,surface,paved,regular
3285496372,alt_name,7-11,regular
3285496372,brand,7-Eleven,regular
3285496372,name,7-Eleven,regular
3285496372,en,7-Eleven,name
3285496372,shop,convenience,regular
3285496372,website,http://www.7eleven.co.th/,regular
3285531898,surface,paved,regular
3287103015,entrance,main,regular
3292119893,power,tower,regular
3292119943,power,tower,regular
3292120143,power,tower,regular
3292142198,power,tower,regular
3297147532,entrance,main,regular
3309232378,name,Costa Coffee,regular
3309232378,amenity,cafe,regular
3312120072,surface,paved,regular
3313912762,name,Coffee Break Pattaya,regular
3313912762,amenity,cafe,regular
3319367777,note,The location is not very exact.,regular
3319367777,amenity,post_box,regular
3319367777,operator,Thailand Post,regular
3320437083,note,The location is not very exact.,regular
3320437083,amenity,post_box,regular
3320437083,operator,Thailand Post,regular
3350401522,name,7-Eleven,regular
3350401522,shop,convenience,regular
3350401522,en,7-Eleven,name
3350401522,website,http://www.7eleven.co.th/,regular
3350401522,alt_name,7-11,regular
3350401522,operator,Seven & I Holdings,regular
3350401522,opening_hours,24/7,regular
3357640671,highway,traffic_signals,regular
3357640671,direction,forward,traffic_signals
3368090626,highway,traffic_signals,regular
3389562054,name,NS Coffee,regular
3389562054,amenity,cafe,regular
3399070812,barrier,gate,regular
3399377983,name,ธนภัทร ฟาร์มาซี,regular
3399377983,amenity,pharmacy,regular
3412759527,power,tower,regular
3412759577,power,tower,regular
3427229395,name,7-Eleven,regular
3427229395,shop,convenience,regular
3427229395,en,7-Eleven,name
3427229395,website,http://www.7eleven.co.th/,regular
3427229395,alt_name,7-11,regular
3427229395,operator,Seven & I Holdings,regular
3427229395,opening_hours,24/7,regular
3431296262,name,Starbucks Coffee,regular
3431296262,shop,coffee,regular
3431296262,brand,Starbucks,regular
3431296262,amenity,cafe,regular
3431296262,cuisine,coffee_shop,regular
3431296262,en,Starbucks Coffee,name
3431296262,th,สตาร์บัคส์,name
3431296262,smoking,no,regular
3431296262,website,http://www.starbucks.co.th/,regular
3431296262,wikipedia,en:Starbucks,regular
3431325820,name,Starbucks Coffee,regular
3431325820,shop,coffee,regular
3431325820,brand,Starbucks,regular
3431325820,amenity,cafe,regular
3431325820,cuisine,coffee_shop,regular
3431325820,en,Starbucks Coffee,name
3431325820,th,สตาร์บัคส์,name
3431325820,smoking,no,regular
3431325820,website,http://www.starbucks.co.th/,regular
3431325820,wikipedia,en:Starbucks,regular
3442529598,name,Tony's Fitness,regular
3442529598,sport,fitness,regular
3442529598,leisure,sports_centre,regular
3442529598,website,http://www.tonydisco.com/Fitness.html,regular
3445207717,name,Watsons,regular
3445207717,amenity,pharmacy,regular
3448933593,name,MaxValu,regular
3448933593,shop,supermarket,regular
3472854423,entrance,main,regular
3472970056,surface,paved,regular
3472977892,surface,paved,regular
3473040358,surface,paved,regular
3473041508,surface,paved,regular
3473065693,surface,paved,regular
3473077388,surface,paved,regular
3473086562,surface,paved,regular
3473095399,surface,paved,regular
3474870794,name,Pacific Dental Care,regular
3474870794,amenity,dentist,regular
3476200340,city,บางแค,addr
3476200340,housenumber,455/275-279,addr
3476200340,postcode,10160,addr
3476200340,street,เพชรเกษม 49,addr
3476200340,brand,Chevrolet,regular
3476200340,name,บริษัทพระนครยนตรการ จำกัด สาขาบางแค,regular
3476200340,shop,car,regular
3481217552,entrance,main,regular
3484626884,name,Lyon,regular
3484626884,amenity,restaurant,regular
3487195892,city,Bangkok,addr
3487195892,housename,Vista Residence Bangkok,addr
3487195892,housenumber,80,addr
3487195892,postcode,10330,addr
3487195892,street,Soi Kasemsan 3,addr
3487195892,email,vistaresidence@gmail.com,contact
3487195892,fax,+66 2 6123 914,contact
3487195892,phone,+66 2 612 3911,contact
3487195892,name,Vista Residence Bangkok,regular
3487195892,operator,info@vistaresidence.com,regular
3487195892,tourism,hotel,regular
3487195892,website,http://www.vistaresidencebkk.com/,regular
3497309412,foot,yes,regular
3497309412,barrier,block,regular
3497309412,bicycle,yes,regular
3500010488,atm,yes,regular
3500010488,name,Krungthai Bank,regular
3500010488,amenity,bank,regular
3506763958,sale,yes,regular
3506763958,shop,motorcycle,regular
3506763958,brand,Honda,regular
3506763958,repair,yes,regular
3510175561,name,แว่นท็อปเจริญ,regular
3510175561,shop,optician,regular
3510175561,en,Top Charoen Optical,name
3510175561,website,www.topcharoen.co.th,regular
3521814482,entrance,main,regular
3523323032,name,Pim's Guesthouse,regular
3523323032,phone,+66 86 6672270;+66 38 059613,regular
3523323032,tourism,guest_house,regular
3523554305,entrance,main,regular
3530855427,name,Ami&Na Guesthouse,regular
3530855427,phone,+66 89 9349267;+66 82 2588356;+66 88 2036768,regular
3530855427,tourism,guest_house,regular
3533094425,name,Sunshine Coast Inn,regular
3533094425,phone,+66 95 5142748,regular
3533094425,tourism,guest_house,regular
3533524839,name,Harry and Sons Real Estate,regular
3533524839,phone,+66 81 9451888;+66 80 910002,regular
3533524839,office,estate_agent,regular
3540892796,surface,paved,regular
3564373281,name,RC Optical,regular
3564373281,shop,optician,regular
3566695712,name,6 String Bar,regular
3566695712,amenity,bar,regular
3589607719,name,แยกสนามบินน้ำ,regular
3589607719,en,Sanam Bin Nam Junction,name
3593895305,name,Heritage,regular
3593895305,amenity,cafe,regular
3593895305,cuisine,french,regular
3593895305,internet_access,wlan,regular
3593895305,fee,no,internet_access
3598149749,name,Pattaya Clinic Laboratory,regular
3598149749,phone,+66 81 8632868,regular
3598149749,amenity,clinic,regular
3598149749,website,http://www.pattaya-lab.com/,regular
3598149749,opening_hours,Mo-Sa 07:00-12:00,regular
3608386030,alt_name,7-11,regular
3608386030,name,7-Eleven,regular
3608386030,en,7-Eleven,name
3608386030,shop,convenience,regular
3608386030,website,http://www.7eleven.co.th/,regular
3616096751,name,Aroi Pattaya Pub and Resto,regular
3616096751,phone,+66 80 0913023;+66 87 0433227,regular
3616096751,amenity,restaurant,regular
3616096751,cuisine,international;pizza;pasta,regular
3616096751,website,https://www.facebook.com/aroipattayapubresto,regular
3616096751,opening_hours,Tu-Su 12:00-22:00,regular
3622777998,bicycle,yes,regular
3622777998,highway,crossing,regular
3637530293,name,Patravana Resort,regular
3637530293,tourism,hotel,regular
3637530293,operator,Phu Patra,regular
3637530293,city,Phayayen,addr
3637530293,street,Moo 5,addr
3637530293,postcode,30320,addr
3637530293,housenumber,"88/1, 88/88-93",addr
3666789161,power,tower,regular
3666799239,power,tower,regular
3666799289,power,tower,regular
3669856730,power,tower,regular
3673296488,surface,paved,regular
3673353877,surface,paved,regular
3684321856,natural,tree,regular
3684866866,natural,tree,regular
3684866916,natural,tree,regular
3698228315,highway,mini_roundabout,regular
3700070404,noexit,yes,regular
3700080634,noexit,yes,regular
3707621891,access,public,regular
3707621891,indoor,no,regular
3707621891,unisex,yes,regular
3707621891,amenity,toilets,regular
3707621891,wheelchair,no,regular
3707621891,handwashing,yes,regular
3707621891,paper_supply,yes,regular
3707621891,disposal,flush,toilets
3711847325,name,บ้านทับนา,regular
3711847325,place,village,regular
3711847325,source,http://www.geonames.org/1612476/ban-thap-na.html,regular
3711847325,en,Ban Thap Na,name
3718445432,atm,yes,regular
3718445432,name,CIMB Thai Bank,regular
3718445432,amenity,bank,regular
3720176322,name,Cafe Kaldi,regular
3720176322,amenity,cafe,regular
3724614834,name,Huai Khwang Market,regular
3724614834,amenity,marketplace,regular
3731330766,barrier,gate,regular
3732331700,ele,305,regular
3732331700,name,Khao Chalak,regular
3732331700,natural,peak,regular
3733367229,name,Dental Vision,regular
3733367229,amenity,dentist,regular
3763595959,name,ก๋วยเดี๋ยวไข่,regular
3763595959,amenity,restaurant,regular
3763595959,cuisine,thai,regular
3775971222,name,Cherry Bar,regular
3775971222,amenity,bar,regular
3780690586,name,Priviledge Suites,regular
3780690586,tourism,hotel,regular
3780690586,website,http://www.privisuites.com/,regular
3781221519,entrance,main,regular
3783029818,surface,paved,regular
3789906803,name,Best,regular
3789906803,brand,Best,regular
3789906803,amenity,fuel,regular
3789906803,lpg,yes,fuel
3789906803,operator,independent,regular
3803112247,barrier,gate,regular
3808794305,surface,paved,regular
3812909865,name,Chic Car Rent,regular
3812909865,phone,+66 2 2866799,regular
3812909865,amenity,car_rental,regular
3812909865,website,http://www.chiccarrent.com/,regular
3822066839,railway,crossing,regular
3832900845,highway,bus_stop,regular
3834232886,surface,paved,regular
3836982953,name,Power Buy,regular
3836982953,shop,electronics,regular
3839364805,name,KFC,regular
3839364805,brand,KFC,regular
3839364805,level,6,regular
3839364805,phone,1150,regular
3839364805,amenity,fast_food,regular
3839364805,cuisine,chicken,regular
3839364805,en,KFC,name
3839364805,th,เค เอฟ ซี,name
3839364805,smoking,no,regular
3839364805,website,www.kfc.co.th,regular
3839364805,alt_name,Kentucky Fried Chicken,regular
3839364805,operator,Kentucky Fried Chicken,regular
3841182320,surface,paved,regular
3841182570,surface,paved,regular
3841311215,surface,paved,regular
3841311465,surface,paved,regular
3841671235,highway,mini_roundabout,regular
3843013725,surface,paved,regular
3845082601,surface,paved,regular
3845082672,surface,paved,regular
3845082722,surface,paved,regular
3845082772,surface,paved,regular
3849837889,power,tower,regular
3849838873,power,tower,regular
3849839959,power,tower,regular
3858706151,name,Café Amazon,regular
3858706151,shop,coffee,regular
3858706151,brand,Café Amazon,regular
3858706151,level,0,regular
3858706151,amenity,cafe,regular
3858706151,cuisine,coffee_shop,regular
3858706151,en,Café Amazon,name
3858706151,th,คาเฟ่ อเมซอน,name
3858706151,smoking,no,regular
3858706151,operator,PTT,regular
3860265974,atm,yes,regular
3860265974,name,AEON,regular
3860265974,brand,AEON,regular
3860265974,level,-1,regular
3860265974,amenity,bank,regular
3872317167,name,SGT's Mess,regular
3872317167,amenity,pub,regular
3872317167,cuisine,british,regular
3872544191,name,Daiso,regular
3872544191,shop,yes,regular
3877568988,surface,paved,regular
3879431094,barrier,gate,regular
3885556345,amenity,restaurant,regular
3889137867,entrance,main,regular
3889935755,entrance,main,regular
3891492534,entrance,main,regular
3893202875,entrance,main,regular
3894809107,name,Culture Cafe,regular
3894809107,amenity,cafe,regular
3904122880,amenity,dentist,regular
3909780873,power,tower,regular
3909793556,power,tower,regular
3909800826,power,tower,regular
3909813352,power,tower,regular
3909814350,power,tower,regular
3909845603,power,tower,regular
3909845969,power,tower,regular
3909850062,power,tower,regular
3915732260,name,Café 1912,regular
3915732260,room,restaurant,regular
3915732260,phone,+66 26 70 42 81,regular
3915732260,amenity,restaurant,regular
3915732260,website,http://www.cafe1912bkk.com/,regular
3915732260,opening_hours,Mo-Sa 07:00-19:00; Su 07:00-14:00,regular
3916054481,name,Kubota,regular
3916054481,office,company,regular
3918028436,surface,paved,regular
3918028657,surface,paved,regular
3918029953,surface,paved,regular
3923084853,shop,hairdresser,regular
3924384524,amenity,place_of_worship,regular
3924384524,religion,buddhist,regular
3925242943,entrance,main,regular
3926058575,power,substation,regular
3937670934,alt_name,7-11,regular
3937670934,name,7-Eleven,regular
3937670934,en,7-Eleven,name
3937670934,shop,convenience,regular
3937670934,website,http://www.7eleven.co.th/,regular
3944757348,name,Honda Big Wing Hua Hin,regular
3944757348,sale,yes,regular
3944757348,shop,motorcycle,regular
3944757348,brand,Honda,regular
3944757348,phone,+66 85 5679666,regular
3944757348,en,Honda Big Wing Hua Hin,name
3944757348,th,ฮอนด้า บิ๊กวิง หัวหิน,name
3944757348,website,http://www.aphonda.co.th/hondabigbike/,regular
3945659197,name,Honda Big Wing Ratchapruk,regular
3945659197,sale,yes,regular
3945659197,shop,motorcycle,regular
3945659197,brand,Honda,regular
3945659197,source,http://www.aphonda.co.th/hondabigwing/,regular
3945659197,website,http://www.aphonda.co.th/hondabigbike/,regular
3957053236,highway,crossing,regular
3957053236,crossing,zebra,regular
3963891341,surface,paved,regular
3964624517,surface,paved,regular
3964624767,surface,paved,regular
3964624817,surface,paved,regular
3964624867,surface,paved,regular
3964624917,surface,paved,regular
3964631097,surface,paved,regular
3965687315,surface,paved,regular
3965705285,surface,paved,regular
3966030428,surface,paved,regular
3966033578,surface,paved,regular
3966033628,surface,paved,regular
3968310872,name,The Garden,regular
3968310872,amenity,restaurant,regular
3970792682,entrance,main,regular
3970812490,entrance,main,regular
3984025199,name,Bueng Bua Thong Resort,regular
3984025199,email,buengbuathong@gmail.com,regular
3984025199,phone,+66 38 239333,regular
3984025199,tourism,guest_house,regular
3984025199,website,http://www.buengbuathongresort.com/,regular
3991713427,name,Oscar,regular
3991713427,amenity,bar,regular
3994976757,ford,yes,regular
4026908582,highway,turning_circle,regular
4026953286,noexit,yes,regular
4027767411,noexit,yes,regular
4027767461,noexit,yes,regular
4027774911,barrier,lift_gate,regular
4036164001,alt_name,7-11,regular
4036164001,name,7-Eleven,regular
4036164001,en,7-Eleven,name
4036164001,shop,convenience,regular
4036164001,website,http://www.7eleven.co.th/,regular
4054014117,name,Beer Cap,regular
4054014117,amenity,bar,regular
4057248449,power,tower,regular
4057248449,design,delta,regular
4058147708,power,tower,regular
4058147708,design,three-level,regular
4058311526,power,tower,regular
4058311526,design,three-level,regular
4058311576,power,tower,regular
4058311576,design,three-level,regular
4058546173,power,portal,regular
4058546923,power,tower,regular
4058546923,design,three-level,regular
4058546973,power,tower,regular
4058546973,design,h-frame,regular
4058547223,power,tower,regular
4058547223,design,three-level,regular
4058547273,power,tower,regular
4058547273,design,three-level,regular
4058547323,power,tower,regular
4058547323,design,three-level,regular
4058547373,power,tower,regular
4058547373,design,three-level,regular
4058547523,power,tower,regular
4058547523,design,three-level,regular
4058622870,power,tower,regular
4058622870,design,three-level,regular
4058623420,power,tower,regular
4058623420,design,six-level,regular
4058737263,power,portal,regular
4058768522,power,tower,regular
4058768522,design,three-level,regular
4058768677,power,tower,regular
4058768677,design,three-level,regular
4058768727,power,tower,regular
4058768727,design,three-level,regular
4059545405,power,portal,regular
4060277269,power,tower,regular
4060277269,design,three-level,regular
4060277519,power,tower,regular
4060277519,design,three-level,regular
4060277569,power,tower,regular
4060277569,design,three-level,regular
4060277620,power,tower,regular
4060277620,design,three-level,regular
4061038216,power,tower,regular
4061038216,design,three-level,regular
4061038266,power,tower,regular
4061038266,design,three-level,regular
4062894109,power,tower,regular
4062894109,design,three-level,regular
4062894159,power,tower,regular
4062894159,design,three-level,regular
4064112164,power,tower,regular
4064112214,power,tower,regular
4064112264,power,tower,regular
4064112264,design,three-level,regular
4064112314,power,tower,regular
4064112364,power,tower,regular
4064112364,design,three-level,regular
4064112514,power,tower,regular
4064112564,power,tower,regular
4064112564,design,three-level,regular
4064112714,power,tower,regular
4064112764,power,tower,regular
4064112914,power,tower,regular
4065640952,power,portal,regular
4065649615,power,tower,regular
4065649615,design,three-level,regular
4066933835,power,tower,regular
4066933835,design,three-level,regular
4067113040,power,tower,regular
4067113040,design,six-level,regular
4067115190,power,tower,regular
4067115190,design,three-level,regular
4067115240,power,tower,regular
4067115240,design,three-level,regular
4067115590,power,tower,regular
4067115590,design,three-level,regular
4067115640,power,tower,regular
4067115640,design,three-level,regular
4067115890,power,tower,regular
4067115890,design,three-level,regular
4067989658,name,The Pizza Company,regular
4067989658,brand,The Pizza Company,regular
4067989658,phone,1112,regular
4067989658,amenity,fast_food,regular
4067989658,cuisine,chicken;pizza;pasta,regular
4067989658,en,The Pizza Company,name
4067989658,th,เดอะ พิซซ่า คอมปะนี,name
4067989658,smoking,no,regular
4067989658,website,http://www.1112.com/,regular
4068121323,power,tower,regular
4068121323,design,three-level,regular
4068121373,power,tower,regular
4068121373,design,three-level,regular
4068125323,power,tower,regular
4068125323,design,three-level,regular
4068249450,power,tower,regular
4068249450,design,three-level,regular
4068250200,power,tower,regular
4068250200,design,six-level,regular
4068250250,power,tower,regular
4068250250,design,three-level,regular
4068276683,power,tower,regular
4068276683,design,three-level,regular
4068412288,power,tower,regular
4068412288,design,three-level,regular
4068484032,power,tower,regular
4068484032,design,three-level,regular
4071766443,name,Mai Por Buffet & Grill,regular
4071766443,amenity,restaurant,regular
4095950269,power,tower,regular
4095950269,design,three-level,regular
4097738520,power,tower,regular
4097738520,design,three-level,regular
4098892136,power,portal,regular
4098892186,power,tower,regular
4098892186,design,three-level,regular
4103129055,power,tower,regular
4103129055,design,three-level,regular
4103129805,power,tower,regular
4103129805,design,three-level,regular
4103490737,power,tower,regular
4103490737,design,three-level,regular
4103490787,power,tower,regular
4103490787,design,three-level,regular
4103491037,power,tower,regular
4103491037,design,three-level,regular
4103491087,power,tower,regular
4103491087,design,three-level,regular
4104680089,name,หมู่บ้านพฤษา56 สุขสวัสข์,regular
4104680089,tourism,hostel,regular
4104680089,street,ซอยหมู่บ้านร่มเย็นนิเวศน์,addr
4104680089,housenumber,บ้าน,addr
4111282005,power,tower,regular
4111282005,design,three-level,regular
4127286292,name,LGP Gaz,regular
4127286292,amenity,fuel,regular
4134821824,amenity,cafe,regular
4142708476,massage,thai,regular
4142708476,shop,massage,regular
4144201385,entrance,main,regular
4144247993,entrance,main,regular
4144550644,fixme,continue,regular
4145978053,name,treecreeper,regular
4145978053,amenity,restaurant,regular
4146713626,name,KFC,regular
4146713626,brand,KFC,regular
4146713626,phone,1150,regular
4146713626,amenity,fast_food,regular
4146713626,cuisine,chicken,regular
4146713626,en,KFC,name
4146713626,th,เค เอฟ ซี,name
4146713626,smoking,no,regular
4146713626,website,www.kfc.co.th,regular
4146713626,alt_name,Kentucky Fried Chicken,regular
4146713626,operator,Kentucky Fried Chicken,regular
4146906588,highway,mini_roundabout,regular
4148643108,name,Amsterdam Massage,regular
4148643108,shop,massage,regular
4151795609,name,ข้าวห่อใบบัวลุงชู,regular
4151795609,amenity,restaurant,regular
4151795609,cuisine,thai,regular
4151795609,street,ถนนพระรามที่ 4,addr
4151795609,opening_hours,Mo-Su 08:00-00:00,regular
4165354861,name,7-Eleven,regular
4165354861,shop,convenience,regular
4165354861,en,7-Eleven,name
4165354861,website,http://www.7eleven.co.th/,regular
4165354861,operator,Seven & I Holdings,regular
4169052670,name,Coffee House,regular
4169052670,amenity,cafe,regular
4169052670,cuisine,coffee,regular
4169052670,th,บ้น 9,name
4187837595,amenity,restaurant,regular
4187837595,cuisine,chinese,regular
4187837595,vegan,only,diet
4187837595,vegetarian,only,diet
4187837595,name,Tien Sin Vegetarian Food,regular
4191022911,name,Rock Sound,regular
4191022911,shop,musical_instrument,regular
4196293089,name,คาลเท็กซ์,regular
4196293089,amenity,fuel,regular
4196293089,en,Caltex,name
4196293089,website,www.caltex.com,regular
4196293089,e10,yes,fuel
4196293089,lpg,yes,fuel
4200387854,barrier,gate,regular
4201554930,name,Thumbs Up Bar,regular
4201554930,amenity,bar,regular
4208666199,name,Factory Gear / Snap-On,regular
4208666199,shop,hardware,regular
4208666199,email,sukhumvit@gmail.com,regular
4208666199,phone,020012770,regular
4208666199,street,A-square Suk Soi 26,addr
4208666199,opening_hours,Mo-Su 10:00-20:00,regular
4208666199,housenumber,128,addr
4211925392,name,"P.B.LiftMach(Thailand)Co.,Ltd.",regular
4211925392,shop,car,regular
4211925392,email,master@liftmach.com,regular
4211925392,phone,038372097,regular
4211925392,website,www.liftmach.com,regular
4211925392,street,ชลบุรี-พัทยา,addr
4211925392,housenumber,1/12,addr
4217162389,name,Aneeda Tour & Car Rental,regular
4217162389,phone,6623274541,regular
4217162389,amenity,car_rental,regular
4219792090,name,Baan khanitha at 53,regular
4219792090,amenity,restaurant,regular
4224745389,name,เรือนวารี,regular
4224745389,amenity,restaurant,regular
4228110892,name,Watkaew Market Appointment,regular
4228110892,shop,supermarket,regular
4228110892,opening_hours,"Su, Tu, Fr",regular
4235239890,amenity,shelter,regular
4235239890,internet_access,wlan,regular
4242721200,name,Kuang Seafood,regular
4242721200,amenity,restaurant,regular
4260690807,name,Sweets Beer Bar,regular
4260690807,amenity,bar,regular
4265991359,name,DAT Coffee Shop,regular
4265991359,amenity,restaurant,regular
4265991359,cuisine,pizza;pasta;burger;steak,regular
4266026657,name,Monty Restaurants,regular
4266026657,amenity,restaurant,regular
4266026657,cuisine,thai;western,regular
4268219910,name,Serene Hotel,regular
4268219910,email,serenepattaya@yahoo.com,regular
4268219910,phone,+66 38 710138;+66 38 422951,regular
4268219910,tourism,hotel,regular
4268219910,building,yes,regular
4275271940,name,ธนาคารกรุงเทพ,regular
4275271940,amenity,atm,regular
4275271940,en,Bangkok Bank,name
4275667845,name,ธนาคารกรุงเทพ,regular
4275667845,amenity,atm,regular
4275667845,en,Bangkok Bank,name
4278224560,entrance,main,regular
4281295691,name,7-Eleven,regular
4281295691,shop,convenience,regular
4281295691,en,7-Eleven,name
4281295691,website,http://www.7eleven.co.th/,regular
4281295691,operator,Seven & I Holdings,regular
4300759334,aeroway,helipad,regular
4305780906,natural,tree,regular
4308221649,tree,palm,regular
4308221649,natural,tree,regular
4308452089,name,บ่อดิน หนองจอก,regular
4308452089,tourism,camp_site,regular
4325335289,name,Cat's caffe,regular
4325335289,amenity,fast_food,regular
4325335289,cuisine,coffee_shop,regular
4327585256,shop,beverages,regular
4327585256,level,0,regular
4327585256,source,survey,regular
4327585256,date,2016-07-29,source
4333244790,name,าา,regular
4333244790,amenity,cafe,regular
4333712093,name,010036,regular
4333712093,amenity,cafe,regular
4333712093,operator,ห้องแถวตรงข้ามคันทรีฮิล,regular
4333712093,housenumber,103/18,addr
4334011432,name,Asia Music,regular
4334011432,shop,musical_instrument,regular
4334953489,name,010079,regular
4334953489,amenity,cafe,regular
4334953489,operator,เข้าซ.สำเหร่1 สุดซ.เลี้ยวขวา(ม.บ้านสบาย),regular
4334953489,housenumber,201/13,addr
4337124016,name,เสาร์ บุญทิพย,regular
4337124016,amenity,cafe,regular
4337472286,surface,paved,regular
4337472436,surface,paved,regular
4337472486,surface,paved,regular
4337472536,surface,paved,regular
4337473436,surface,paved,regular
4337473636,surface,paved,regular
4337473736,surface,paved,regular
4337474136,surface,paved,regular
4337474236,surface,paved,regular
4337474386,surface,paved,regular
4337474536,surface,paved,regular
4337474636,surface,paved,regular
4337474786,surface,paved,regular
4337475036,surface,paved,regular
4337475387,surface,paved,regular
4337476187,surface,paved,regular
4337476837,surface,paved,regular
4337477237,surface,paved,regular
4339443173,name,010032,regular
4339443173,amenity,cafe,regular
4339443173,operator,เข้าซ.ตงข้ามซ.ข้างร.ร. เลี้ยวขวาเข้าซ.อีกทีนึง,regular
4339443173,housenumber,48/177,addr
4340598395,name,จันทร์ ลาบก้อยซอยห่าง,regular
4340598395,amenity,cafe,regular
4343355448,surface,paved,regular
4343356649,surface,paved,regular
4343357351,surface,paved,regular
4343798190,name,พุธ เจ๊เขียว,regular
4343798190,amenity,cafe,regular
4348163102,name,Electric bus stop #3,regular
4348163102,bench,no,regular
4348163102,covered,no,regular
4348163102,highway,bus_stop,regular
4348163102,network,KMUTT Electric bus,regular
4348163102,shelter,no,regular
4348163102,operator,สำนักบริหารอาคารและสถานที่ มหาวิทยาลัยเทคโนโลยีพระจอมเกล้าธนบุรี,regular
4352173206,amenity,cafe,regular
4352173206,name,อังคาร ยอดอาหารตามสั่ง,regular
4353561089,name,The Grace Channel,regular
4353561089,note,"Maybe, that the resorts means ""channel"", but on the banner for orientation was written ""canel""",regular
4353561089,source,survey,regular
4353561089,date,2016-08-16,source
4353561089,tourism,hotel,regular
4355573205,highway,motorway_junction,regular
4355573205,name,ทางลงบางบำหรุ,regular
4355573205,en,Bang Bamru Exit,name
4356821763,amenity,drinking_water,regular
4356821763,bottle,no,regular
4356821763,description,SERD 1st F,regular
4356821763,indoor,yes,regular
4356821763,coins,no,payment
4357082551,noexit,yes,regular
4357862190,name,Bike club,regular
4357862190,shop,bicycle,regular
4363962789,amenity,cafe,regular
4363962789,name,พุธ หนิงทับมา,regular
4373321452,amenity,fuel,regular
4382232193,barrier,gate,regular
4392483990,amenity,shelter,regular
4392483990,name,🏡,regular
4392483990,th,🏡,name
4401947090,amenity,restaurant,regular
4401947090,name,ร้านสุดใจ,regular
4401947090,th,ร้านสุดใจ,name
4401947090,operator,เจ้ละออ,regular
4404052691,zh,Jimmy,name
4404052691,tourism,attraction,regular
4406553889,name,Royal Garden Hotel,regular
4406553889,tourism,hotel,regular
4410735791,amenity,restaurant,regular
4410735791,cuisine,italian_pizza,regular
4410735791,en,Scoozi,name
4415923989,historic,castle,regular
4415923989,name,บ้าน,regular
4415923989,en,Home,name
4415923989,th,บ้าน,name
4415923989,phone,025418271,regular
4422461689,highway,bus_stop,regular
4422461689,name,Bus stop,regular
4422461689,th,Bus stop,name
4426410507,amenity,bank,regular
4426410507,name,Krungthai Bank,regular
4426410507,th,ธนาคารกรุงไทย,name
4429473293,amenity,place_of_worship,regular
4429473293,name,วัดหนองแจง,regular
4429473293,en,Wat Nong Chaeng,name
4429473293,th,วัดหนองแจง,name
4429473293,religion,buddhist,regular
4437402673,amenity,cafe,regular
4437402673,internet_access,wlan,regular
4437402673,name,Coffee Shop,regular
4437402673,opening_hours,6.30-22.00,regular
4437402673,smoking,isolated,regular
4446556392,amenity,post_box,regular
4446556392,operator,Thailand Post,regular
4456410590,amenity,restaurant,regular
4456410590,en,Sichang Grill,name
4457468589,amenity,shelter,regular
4459533911,alt_name,ธนาคารกรุงศรีอยุธยา,regular
4459533911,en,Bank of Ayudhya,alt_name
4459533911,amenity,bank,regular
4459533911,atm,yes,regular
4459533911,brand,กรุงศรี,regular
4459533911,en,Krungsri,brand
4459533911,th,กรุงศรี,brand
4459533911,name,กรุงศรี,regular
4459533911,en,Krungsri,name
4459533911,th,กรุงศรี,name
4460800329,postcode,10110,addr
4460800329,amenity,post_box,regular
4460800329,operator,Thailand Post,regular
4462974992,amenity,bus_station,regular
4462974992,name,มังกร2. จิระโรยขนส่ง,regular
4462974992,th,มังกร2. จิระโรยขนส่ง,name
4464247889,name,โกดังแพนสยาม,regular
4464247889,th,โกดังแพนสยาม,name
4464247889,shop,hardware,regular
4466296593,amenity,restaurant,regular
4466296593,name,ก๋วยจั๊บญวน,regular
4466296593,th,ก๋วยจั๊บญวน,name
